,Wins,Losses,Ties,AVG Rounds
rl_gpt4_trained,146.0,86.0,8.0,49.300000000000004
rl_mistral_trained,142.0,85.0,13.0,66.5
rl_rules_trained,135.0,93.0,12.0,77.56666666666666
rl_llama3_trained,131.0,94.0,15.0,86.93333333333334
ai,123.0,115.0,2.0,28.599999999999998
llm_gpt4,116.0,121.0,3.0,42.86666666666667
llm_mistral,107.0,128.0,5.0,37.9
llm_llama3,79.0,149.0,12.0,52.06666666666666
random,61.0,169.0,10.0,53.800000000000004
